configuration_id;configuration;configuration_product_id;horizon;is_mix;is_reference_route;configuration_active;data_source_id;configuration_abbreviation;configuration_description;configuration_remark;configuration_source;configuration_year;mix_2018;mix_2030;mix_2040;mix_2050
0;EU-mix-2018;0;2018;1;1;1;0;AC/CF/CGM/DPK/RMDR;Air cooling,Combustion Furnace,Cement grinding mill,Dry process kilns,Raw mill double rotator;NULL;NULL;2018;1;0;0;0
1;CEM1-(Coal);1;NULL;0;0;1;0;DPK/RMDR/CGM/CF;Dry process kilns,Raw mill double rotator,Cement grinding mill,Combustion Furnace;NULL;NULL;2018;0;0;0;0
2;CEM1-(Coal)MEA;1;NULL;0;0;1;0;DPK/RMDR/CGM/CF/CM-MEA;Dry process kilns,Raw mill double rotator,Cement grinding mill,Combustion Furnace,Monoethanolamine Carbon Capture;NULL;NULL;2018;0;0;0;0
3;CEM1-(Coal)CaL;1;NULL;0;0;1;0;DPK/RMDR/CGM/CF/CaL;Dry process kilns,Raw mill double rotator,Cement grinding mill,Combustion Furnace,Calcium looping;NULL;NULL;2018;0;0;0;0
4;CEM1-(Coal)Oxy-MEA;1;NULL;0;0;1;0;DPK/RMDR/CGM/CF/ASU/CM-MEA;Dry process kilns,Raw mill double rotator,Cement grinding mill,Combustion Furnace,Cryogenic air separation unit,Monoethanolamine Carbon Capture;NULL;NULL;2018;0;0;0;0
5;CEM1-(Coal)Oxy-CaL;1;NULL;0;0;1;0;DPK/RMDR/CGM/CF/ASU/CaL;Dry process kilns,Raw mill double rotator,Cement grinding mill,Combustion Furnace,Cryogenic air separation unit,Calcium looping;NULL;NULL;2018;0;0;0;0
6;CEM1-(NG);1;NULL;0;0;1;0;DPK/RMDR/CGM/CF;Dry process kilns,Raw mill double rotator,Cement grinding mill,Combustion Furnace;NULL;NULL;2018;0;0;0;0
7;CEM1-(NG)MEA;1;NULL;0;0;1;0;DPK/RMDR/CGM/CF/CM-MEA;Dry process kilns,Raw mill double rotator,Cement grinding mill,Combustion Furnace,Monoethanolamine Carbon Capture;NULL;NULL;2018;0;0;0;0
8;CEM1-(NG)CaL;1;NULL;0;0;1;0;DPK/RMDR/CGM/CF/CaL;Dry process kilns,Raw mill double rotator,Cement grinding mill,Combustion Furnace,Calcium looping;NULL;NULL;2018;0;0;0;0
9;CEM1-(NG)Oxy-MEA;1;NULL;0;0;1;0;DPK/RMDR/CGM/CF/ASU/CM-MEA;Dry process kilns,Raw mill double rotator,Cement grinding mill,Combustion Furnace,Cryogenic air separation unit,Monoethanolamine Carbon Capture;NULL;NULL;2018;0;0;0;0
10;CEM1-(NG)Oxy-CaL;1;NULL;0;0;1;0;DPK/RMDR/CGM/CF/ASU/CaL;Dry process kilns,Raw mill double rotator,Cement grinding mill,Combustion Furnace,Cryogenic air separation unit,Calcium looping;NULL;NULL;2018;0;0;0;0
11;CEM1-(Afm);1;NULL;0;0;1;0;DPK/RMDR/CGM/CF/AC;Dry process kilns,Raw mill double rotator,Cement grinding mill,Combustion Furnace,Air cooling;NULL;NULL;2018;0;0;0;0
12;CEM1-(Afm)MEA;1;NULL;0;0;1;0;DPK/RMDR/CGM/CF/CM-MEA;Dry process kilns,Raw mill double rotator,Cement grinding mill,Combustion Furnace,Monoethanolamine Carbon Capture;NULL;NULL;2018;0;0;0;0
13;CEM1-(Afm)CaL;1;NULL;0;0;1;0;DPK/RMDR/CGM/CF/CaL/AC;Dry process kilns,Raw mill double rotator,Cement grinding mill,Combustion Furnace,Calcium looping,Air cooling;NULL;NULL;2018;0;0;0;0
14;CEM1-(Afm)Oxy-MEA;1;NULL;0;0;1;0;DPK/RMDR/CGM/CF/ASU/CM-MEA;Dry process kilns,Raw mill double rotator,Cement grinding mill,Combustion Furnace,Cryogenic air separation unit,Monoethanolamine Carbon Capture;NULL;NULL;2018;0;0;0;0
15;CEM1-(Afm)Oxy-CaL;1;NULL;0;0;1;0;DPK/RMDR/CGM/CF/ASU/CaL/AC;Dry process kilns,Raw mill double rotator,Cement grinding mill,Combustion Furnace,Cryogenic air separation unit,Calcium looping,Air cooling;NULL;NULL;2018;0;0;0;0
16;CEM1-(BMW);1;NULL;0;0;1;0;DPK/RMDR/CGM/CF/AC;Dry process kilns,Raw mill double rotator,Cement grinding mill,Combustion Furnace,Air cooling;NULL;NULL;2018;0;0;0;0
17;CEM1-(BMW)MEA;1;NULL;0;0;1;0;DPK/RMDR/CGM/CF/CM-MEA;Dry process kilns,Raw mill double rotator,Cement grinding mill,Combustion Furnace,Monoethanolamine Carbon Capture;NULL;NULL;2018;0;0;0;0
18;CEM1-(BMW)CaL;1;NULL;0;0;1;0;DPK/RMDR/CGM/CF/CaL/AC;Dry process kilns,Raw mill double rotator,Cement grinding mill,Combustion Furnace,Calcium looping,Air cooling;NULL;NULL;2018;0;0;0;0
19;CEM1-(BMW)Oxy-MEA;1;NULL;0;0;1;0;DPK/RMDR/CGM/CF/ASU/CM-MEA;Dry process kilns,Raw mill double rotator,Cement grinding mill,Combustion Furnace,Cryogenic air separation unit,Monoethanolamine Carbon Capture;NULL;NULL;2018;0;0;0;0
20;CEM1-(BMW)Oxy-CaL;1;NULL;0;0;1;0;DPK/RMDR/CGM/CF/ASU/CaL/AC;Dry process kilns,Raw mill double rotator,Cement grinding mill,Combustion Furnace,Cryogenic air separation unit,Calcium looping,Air cooling;NULL;NULL;2018;0;0;0;0
21;CEM2-(Coal);2;NULL;0;0;1;0;DPK/RMDR/CGM/CF;Dry process kilns,Raw mill double rotator,Cement grinding mill,Combustion Furnace;NULL;NULL;2018;0.54;0.47099;0.261145;0.0513
22;CEM2-(Coal)MEA;2;NULL;0;0;1;0;DPK/RMDR/CGM/CF/CM-MEA;Dry process kilns,Raw mill double rotator,Cement grinding mill,Combustion Furnace,Monoethanolamine Carbon Capture;NULL;NULL;2018;0;0;0;0
23;CEM2-(Coal)CaL;2;NULL;0;0;1;0;DPK/RMDR/CGM/CF/CaL;Dry process kilns,Raw mill double rotator,Cement grinding mill,Combustion Furnace,Calcium looping;NULL;NULL;2018;0;0.004942;0.019971;0.035
24;CEM2-(Coal)Oxy-MEA;2;NULL;0;0;1;0;DPK/RMDR/CGM/CF/ASU/CM-MEA;Dry process kilns,Raw mill double rotator,Cement grinding mill,Combustion Furnace,Cryogenic air separation unit,Monoethanolamine Carbon Capture;NULL;NULL;2018;0;0;0;0
25;CEM2-(Coal)Oxy-CaL;2;NULL;0;0;1;0;DPK/RMDR/CGM/CF/ASU/CaL;Dry process kilns,Raw mill double rotator,Cement grinding mill,Combustion Furnace,Cryogenic air separation unit,Calcium looping;NULL;NULL;2018;0;0.004942;0.019971;0.035
26;CEM2-(NG);2;NULL;0;0;1;0;DPK/RMDR/CGM/CF;Dry process kilns,Raw mill double rotator,Cement grinding mill,Combustion Furnace;NULL;NULL;2018;0;0;0;0
27;CEM2-(NG)MEA;2;NULL;0;0;1;0;DPK/RMDR/CGM/CF/CM-MEA;Dry process kilns,Raw mill double rotator,Cement grinding mill,Combustion Furnace,Monoethanolamine Carbon Capture;NULL;NULL;2018;0;0;0;0
28;CEM2-(NG)CaL;2;NULL;0;0;1;0;DPK/RMDR/CGM/CF/CaL;Dry process kilns,Raw mill double rotator,Cement grinding mill,Combustion Furnace,Calcium looping;NULL;NULL;2018;0;0;0;0
29;CEM2-(NG)Oxy-MEA;2;NULL;0;0;1;0;DPK/RMDR/CGM/CF/ASU/CM-MEA;Dry process kilns,Raw mill double rotator,Cement grinding mill,Combustion Furnace,Cryogenic air separation unit,Monoethanolamine Carbon Capture;NULL;NULL;2018;0;0;0;0
30;CEM2-(NG)Oxy-CaL;2;NULL;0;0;1;0;DPK/RMDR/CGM/CF/ASU/CaL;Dry process kilns,Raw mill double rotator,Cement grinding mill,Combustion Furnace,Cryogenic air separation unit,Calcium looping;NULL;NULL;2018;0;0;0;0
31;CEM2-(Afm);2;NULL;0;0;1;0;DPK/RMDR/CGM/CF/AC;Dry process kilns,Raw mill double rotator,Cement grinding mill,Combustion Furnace,Air cooling;NULL;NULL;2018;0.3;0.261661;0.145081;0.0285
32;CEM2-(Afm)MEA;2;NULL;0;0;1;0;DPK/RMDR/CGM/CF/CM-MEA;Dry process kilns,Raw mill double rotator,Cement grinding mill,Combustion Furnace,Monoethanolamine Carbon Capture;NULL;NULL;2018;0;0.015157;0.061245;0.107333
33;CEM2-(Afm)CaL;2;NULL;0;0;1;0;DPK/RMDR/CGM/CF/CaL/AC;Dry process kilns,Raw mill double rotator,Cement grinding mill,Combustion Furnace,Calcium looping,Air cooling;NULL;NULL;2018;0;0.015157;0.061245;0.107333
34;CEM2-(Afm)Oxy-MEA;2;NULL;0;0;1;0;DPK/RMDR/CGM/CF/ASU/CM-MEA;Dry process kilns,Raw mill double rotator,Cement grinding mill,Combustion Furnace,Cryogenic air separation unit,Monoethanolamine Carbon Capture;NULL;NULL;2018;0;0;0;0
35;CEM2-(Afm)Oxy-CaL;2;NULL;0;0;1;0;DPK/RMDR/CGM/CF/ASU/CaL/AC;Dry process kilns,Raw mill double rotator,Cement grinding mill,Combustion Furnace,Cryogenic air separation unit,Calcium looping,Air cooling;NULL;NULL;2018;0;0.015157;0.061245;0.107333
36;CEM2-(BMW);2;NULL;0;0;1;0;DPK/RMDR/CGM/CF/AC;Dry process kilns,Raw mill double rotator,Cement grinding mill,Combustion Furnace,Air cooling;NULL;NULL;2018;0.16;0.139553;0.077376;0.0152
37;CEM2-(BMW)MEA;2;NULL;0;0;1;0;DPK/RMDR/CGM/CF/CM-MEA;Dry process kilns,Raw mill double rotator,Cement grinding mill,Combustion Furnace,Monoethanolamine Carbon Capture;NULL;NULL;2018;0;0.016345;0.066048;0.11575
38;CEM2-(BMW)CaL;2;NULL;0;0;1;0;DPK/RMDR/CGM/CF/CaL/AC;Dry process kilns,Raw mill double rotator,Cement grinding mill,Combustion Furnace,Calcium looping,Air cooling;NULL;NULL;2018;0;0.016345;0.066048;0.11575
39;CEM2-(BMW)Oxy-MEA;2;NULL;0;0;1;0;DPK/RMDR/CGM/CF/ASU/CM-MEA;Dry process kilns,Raw mill double rotator,Cement grinding mill,Combustion Furnace,Cryogenic air separation unit,Monoethanolamine Carbon Capture;NULL;NULL;2018;0;0.016345;0.066048;0.11575
40;CEM2-(BMW)Oxy-CaL;2;NULL;0;0;1;0;DPK/RMDR/CGM/CF/ASU/CaL/AC;Dry process kilns,Raw mill double rotator,Cement grinding mill,Combustion Furnace,Cryogenic air separation unit,Calcium looping,Air cooling;NULL;NULL;2018;0;0.016345;0.066048;0.11575
41;LC3-(Coal);3;NULL;0;0;1;0;DPK/RMDR/CGM/CF/KCC;Dry process kilns,Raw mill double rotator,Cement grinding mill,Combustion Furnace,Kaolinite clay calcination;NULL;NULL;2018;0;0;0;0
42;LC3-(Coal)MEA;3;NULL;0;0;1;0;DPK/RMDR/CGM/CF/KCC/CM-MEA;Dry process kilns,Raw mill double rotator,Cement grinding mill,Combustion Furnace,Kaolinite clay calcination,Monoethanolamine Carbon Capture;NULL;NULL;2018;0;0;0;0
43;LC3-(Coal)CaL;3;NULL;0;0;1;0;DPK/RMDR/CGM/CF/KCC/CaL;Dry process kilns,Raw mill double rotator,Cement grinding mill,Combustion Furnace,Kaolinite clay calcination,Calcium looping;NULL;NULL;2018;0;0.000706;0.002853;0.005
44;LC3-(Coal)Oxy-MEA;3;NULL;0;0;1;0;DPK/RMDR/CGM/CF/ASU/KCC/CM-MEA;Dry process kilns,Raw mill double rotator,Cement grinding mill,Combustion Furnace,Cryogenic air separation unit,Kaolinite clay calcination,Monoethanolamine Carbon Capture;NULL;NULL;2018;0;0;0;0
45;LC3-(Coal)Oxy-CaL;3;NULL;0;0;1;0;DPK/RMDR/CGM/CF/ASU/KCC/CaL;Dry process kilns,Raw mill double rotator,Cement grinding mill,Combustion Furnace,Cryogenic air separation unit,Kaolinite clay calcination,Calcium looping;NULL;NULL;2018;0;0;0;0
46;LC3-(NG);3;NULL;0;0;1;0;DPK/RMDR/CGM/CF/KCC;Dry process kilns,Raw mill double rotator,Cement grinding mill,Combustion Furnace,Kaolinite clay calcination;NULL;NULL;2018;0;0;0;0
47;LC3-(NG)MEA;3;NULL;0;0;1;0;DPK/RMDR/CGM/CF/KCC/CM-MEA;Dry process kilns,Raw mill double rotator,Cement grinding mill,Combustion Furnace,Kaolinite clay calcination,Monoethanolamine Carbon Capture;NULL;NULL;2018;0;0.000706;0.002853;0.005
48;LC3-(NG)CaL;3;NULL;0;0;1;0;DPK/RMDR/CGM/CF/KCC/CaL;Dry process kilns,Raw mill double rotator,Cement grinding mill,Combustion Furnace,Kaolinite clay calcination,Calcium looping;NULL;NULL;2018;0;0.000706;0.002853;0.005
49;LC3-(NG)Oxy-MEA;3;NULL;0;0;1;0;DPK/RMDR/CGM/CF/ASU/KCC/CM-MEA;Dry process kilns,Raw mill double rotator,Cement grinding mill,Combustion Furnace,Cryogenic air separation unit,Kaolinite clay calcination,Monoethanolamine Carbon Capture;NULL;NULL;2018;0;0;0;0
50;LC3-(NG)Oxy-CaL;3;NULL;0;0;1;0;DPK/RMDR/CGM/CF/ASU/KCC/CaL;Dry process kilns,Raw mill double rotator,Cement grinding mill,Combustion Furnace,Cryogenic air separation unit,Kaolinite clay calcination,Calcium looping;NULL;NULL;2018;0;0.000706;0.002853;0.005
51;LC3-(Afm);3;NULL;0;0;1;0;DPK/RMDR/CGM/CF/KCC/AC;Dry process kilns,Raw mill double rotator,Cement grinding mill,Combustion Furnace,Kaolinite clay calcination,Air cooling;NULL;NULL;2018;0;0;0;0
52;LC3-(Afm)MEA;3;NULL;0;0;1;0;DPK/RMDR/CGM/CF/KCC/CM-MEA;Dry process kilns,Raw mill double rotator,Cement grinding mill,Combustion Furnace,Kaolinite clay calcination,Monoethanolamine Carbon Capture;NULL;NULL;2018;0;0.000706;0.002853;0.005
53;LC3-(Afm)CaL;3;NULL;0;0;1;0;DPK/RMDR/CGM/CF/KCC/CaL/AC;Dry process kilns,Raw mill double rotator,Cement grinding mill,Combustion Furnace,Kaolinite clay calcination,Calcium looping,Air cooling;NULL;NULL;2018;0;0.000706;0.002853;0.005
54;LC3-(Afm)Oxy-MEA;3;NULL;0;0;1;0;DPK/RMDR/CGM/CF/ASU/KCC/CM-MEA;Dry process kilns,Raw mill double rotator,Cement grinding mill,Combustion Furnace,Cryogenic air separation unit,Kaolinite clay calcination,Monoethanolamine Carbon Capture;NULL;NULL;2018;0;0.000706;0.002853;0.005
55;LC3-(Afm)Oxy-CaL;3;NULL;0;0;1;0;DPK/RMDR/CGM/CF/ASU/KCC/CaL/AC;Dry process kilns,Raw mill double rotator,Cement grinding mill,Combustion Furnace,Cryogenic air separation unit,Kaolinite clay calcination,Calcium looping,Air cooling;NULL;NULL;2018;0;0.000706;0.002853;0.005
56;LC3-(BMW);3;NULL;0;0;1;0;DPK/RMDR/CGM/CF/KCC/AC;Dry process kilns,Raw mill double rotator,Cement grinding mill,Combustion Furnace,Kaolinite clay calcination,Air cooling;NULL;NULL;2018;0;0;0;0
57;LC3-(BMW)MEA;3;NULL;0;0;1;0;DPK/RMDR/CGM/CF/KCC/CM-MEA;Dry process kilns,Raw mill double rotator,Cement grinding mill,Combustion Furnace,Kaolinite clay calcination,Monoethanolamine Carbon Capture;NULL;NULL;2018;0;0;0;0
58;LC3-(BMW)CaL;3;NULL;0;0;1;0;DPK/RMDR/CGM/CF/KCC/CaL/AC;Dry process kilns,Raw mill double rotator,Cement grinding mill,Combustion Furnace,Kaolinite clay calcination,Calcium looping,Air cooling;NULL;NULL;2018;0;0;0;0
59;LC3-(BMW)Oxy-MEA;3;NULL;0;0;1;0;DPK/RMDR/CGM/CF/ASU/KCC/CM-MEA;Dry process kilns,Raw mill double rotator,Cement grinding mill,Combustion Furnace,Cryogenic air separation unit,Kaolinite clay calcination,Monoethanolamine Carbon Capture;NULL;NULL;2018;0;0.000706;0.002853;0.005
60;LC3-(BMW)Oxy-CaL;3;NULL;0;0;1;0;DPK/RMDR/CGM/CF/ASU/KCC/CaL/AC;Dry process kilns,Raw mill double rotator,Cement grinding mill,Combustion Furnace,Cryogenic air separation unit,Kaolinite clay calcination,Calcium looping,Air cooling;NULL;NULL;2018;0;0.000706;0.002853;0.005
61;EU-mix-2030;0;2030;1;0;1;0;AC/ASU/CF/CGM/CM-MEA/CaL/DPK/KCC/RMDR;Air cooling,Cryogenic air separation unit,Combustion Furnace,Cement grinding mill,Monoethanolamine Carbon Capture,Calcium looping,Dry process kilns,Kaolinite clay calcination,Raw mill double rotator;NULL;NULL;2018;0;1;0;0
62;EU-mix-2040;0;2040;1;0;1;0;AC/ASU/CF/CGM/CM-MEA/CaL/DPK/KCC/RMDR;Air cooling,Cryogenic air separation unit,Combustion Furnace,Cement grinding mill,Monoethanolamine Carbon Capture,Calcium looping,Dry process kilns,Kaolinite clay calcination,Raw mill double rotator;NULL;NULL;2018;0;0;1;0
63;EU-mix-2050;0;2050;1;0;1;0;AC/ASU/CF/CGM/CM-MEA/CaL/DPK/KCC/RMDR;Air cooling,Cryogenic air separation unit,Combustion Furnace,Cement grinding mill,Monoethanolamine Carbon Capture,Calcium looping,Dry process kilns,Kaolinite clay calcination,Raw mill double rotator;NULL;NULL;2018;0;0;0;1
64;(NG)PE;4;NULL;0;1;1;0;PE/NGF/AC/WT;Polymerization (Polyethylene),NG Furnace,Air cooling,Water cooling;NULL;NULL;2018;1;0.69368;0.34684;0
65;(NG)PE-MEA;4;NULL;0;0;1;0;PE/NGF/AC/WT/MEA;Polymerization (Polyethylene),NG Furnace,Air cooling,Water cooling,Monoethanolamine carbon capture;NULL;NULL;2018;0;0.09586;0.2044;0.31295
66;(H2)PE;4;NULL;0;0;1;0;PE/H2F/AC/EtOAc-WT;Polymerization (Polyethylene),H2 Furnace,Air cooling,EtOAc-water cooling;NULL;NULL;2018;0;0.10523;0.22438;0.34353
67;(H2)PE-AEL;4;NULL;0;0;1;0;PE/H2F/AC/EtOAc-WT/AEL;Polymerization (Polyethylene),H2 Furnace,Air cooling,EtOAc-water cooling,Alkaline electrolyzer;NULL;NULL;2018;0;0;0;0
68;(EL)PE;4;NULL;0;0;1;0;PE/AC/EtOAc-WT/ELF;Polymerization (Polyethylene),Air cooling,EtOAc-water cooling,EL Furnace;NULL;NULL;2018;0;0.10523;0.22438;0.34353
69;EU-mix-2018;4;2018;1;0;1;0;AC/NGF/PE/WT;Air cooling,NG Furnace,Polymerization (Polyethylene),Water cooling;NULL;NULL;2018;1;0;0;0
70;EU-mix-2030;4;2030;1;0;1;0;AC/ELF/EtOAc-WT/H2F/MEA/NGF/PE/WT;Air cooling,EL Furnace,EtOAc-water cooling,H2 Furnace,Monoethanolamine carbon capture,NG Furnace,Polymerization (Polyethylene),Water cooling;NULL;NULL;2018;0;1;0;0
71;EU-mix-2040;4;2040;1;0;1;0;AC/ELF/EtOAc-WT/H2F/MEA/NGF/PE/WT;Air cooling,EL Furnace,EtOAc-water cooling,H2 Furnace,Monoethanolamine carbon capture,NG Furnace,Polymerization (Polyethylene),Water cooling;NULL;NULL;2018;0;0;1;0
72;EU-mix-2050;4;2050;1;0;1;0;AC/ELF/EtOAc-WT/H2F/MEA/NGF/PE/WT;Air cooling,EL Furnace,EtOAc-water cooling,H2 Furnace,Monoethanolamine carbon capture,NG Furnace,Polymerization (Polyethylene),Water cooling;NULL;NULL;2018;0;0;0;1
73;(NG)PEA;5;NULL;0;1;1;0;PEA/NGF/AC/EtOAc-WT;Polymerization (Poly-ethyl-acetate),NG Furnace,Air cooling,EtOAc-water cooling;NULL;NULL;2018;1;0.69378;0.34689;0
74;(NG)PEA-MEA;5;NULL;0;0;1;0;PEA/NGF/AC/EtOAc-WT/MEA;Polymerization (Poly-ethyl-acetate),NG Furnace,Air cooling,EtOAc-water cooling,Monoethanolamine carbon capture;NULL;NULL;2018;0;0.11221;0.23932;0.36643
75;(H2)PEA;5;NULL;0;0;1;0;PEA/H2F/AC/EtOAc-WT;Polymerization (Poly-ethyl-acetate),H2 Furnace,Air cooling,EtOAc-water cooling;NULL;NULL;2018;0;0.097;0.20689;0.31678
76;(H2)PEA-AEL;5;NULL;0;0;1;0;PEA/H2F/AC/EtOAc-WT/AEL;Polymerization (Poly-ethyl-acetate),H2 Furnace,Air cooling,EtOAc-water cooling,Alkaline electrolyzer;NULL;NULL;2018;0;0;0;0
77;(EL)PEA;5;NULL;0;0;1;0;PEA/AC/EtOAc-WT/ELF;Polymerization (Poly-ethyl-acetate),Air cooling,EtOAc-water cooling,EL Furnace;NULL;NULL;2018;0;0.097;0.20689;0.31678
78;EU-mix-2018;5;2018;1;0;1;0;AC/EtOAc-WT/NGF/PEA;Air cooling,EtOAc-water cooling,NG Furnace,Polymerization (Poly-ethyl-acetate);NULL;NULL;2018;1;0;0;0
79;EU-mix-2030;5;2030;1;0;1;0;AC/ELF/EtOAc-WT/H2F/MEA/NGF/PEA;Air cooling,EL Furnace,EtOAc-water cooling,H2 Furnace,Monoethanolamine carbon capture,NG Furnace,Polymerization (Poly-ethyl-acetate);NULL;NULL;2018;0;1;0;0
80;EU-mix-2040;5;2040;1;0;1;0;AC/ELF/EtOAc-WT/H2F/MEA/NGF/PEA;Air cooling,EL Furnace,EtOAc-water cooling,H2 Furnace,Monoethanolamine carbon capture,NG Furnace,Polymerization (Poly-ethyl-acetate);NULL;NULL;2018;0;0;1;0
81;EU-mix-2050;5;2050;1;0;1;0;AC/ELF/EtOAc-WT/H2F/MEA/NGF/PEA;Air cooling,EL Furnace,EtOAc-water cooling,H2 Furnace,Monoethanolamine carbon capture,NG Furnace,Polymerization (Poly-ethyl-acetate);NULL;NULL;2018;0;0;0;1
82;(LN)O;10;NULL;0;1;1;0;AC/REFR/NTO/NTO-EL;Air cooling,Refrigerator,Naphtha-to-olefins,Naphtha-to-olefins electric;NULL;NULL;2018;1;0.69368;0.34684;0
83;(LN)O-MEA;10;NULL;0;0;1;0;NGF/REFR/MEA/NTO;NG Furnace,Refrigerator,Monoethanolamine carbon capture,Naphtha-to-olefins;NULL;NULL;2018;0;0.02496;0.05322;0.08148
84;(LN+EL)O;10;NULL;0;0;1;0;AC/REFR/NTO/NTO-EL;Air cooling,Refrigerator,Naphtha-to-olefins,Naphtha-to-olefins electric;NULL;NULL;2018;0;0.01815;0.03871;0.05926
85;(MeOH)O;10;NULL;0;0;1;0;AC/MTO;Air cooling,Methanol-to-olefins;NULL;NULL;2018;0;0;0;0
86;(MeOH)O-MEA;10;NULL;0;0;1;0;AC/MEA/MTO;Air cooling,Monoethanolamine carbon capture,Methanol-to-olefins;NULL;NULL;2018;0;0.0953;0.2032;0.31111
87;((BM)MeOH)O;10;NULL;0;0;1;0;Biogasi/FT/MEOH/AC/EtOAc-WT/MTO/Biogasi/FT/MEOH;Biomass gasification,FT fuel synthesis,Methanol synthesis,Air cooling,EtOAc-water cooling,Methanol-to-olefins,Biomass gasification,FT fuel synthesis,Methanol synthesis;NULL;NULL;2018;0;0.0363;0.07741;0.11852
88;((BM)MeOH)O-MEA;10;NULL;0;0;1;0;Biogasi/FT/MEOH/AC/EtOAc-WT/MEA/MTO/Biogasi/FT/MEOH/Efuel-MEA;Biomass gasification,FT fuel synthesis,Methanol synthesis,Air cooling,EtOAc-water cooling,Monoethanolamine carbon capture,Methanol-to-olefins,Biomass gasification,FT fuel synthesis,Methanol synthesis,Monoethanolamine Carbon Capture;NULL;NULL;2018;0;0;0;0
89;((BM+H2)MeOH)O;10;NULL;0;0;1;0;Biogasi/FT/MEOH/AC/EtOAc-WT/MTO/Biogasi/FT/MEOH;Biomass gasification,FT fuel synthesis,Methanol synthesis,Air cooling,EtOAc-water cooling,Methanol-to-olefins,Biomass gasification,FT fuel synthesis,Methanol synthesis;NULL;NULL;2018;0;0.0363;0.07741;0.11852
90;((BM+H2)MeOH)O-AEL;10;NULL;0;0;1;0;Biogasi/FT/MEOH/AC/EtOAc-WT/AEL/MTO/Biogasi/FT/MEOH;Biomass gasification,FT fuel synthesis,Methanol synthesis,Air cooling,EtOAc-water cooling,Alkaline electrolyzer,Methanol-to-olefins,Biomass gasification,FT fuel synthesis,Methanol synthesis;NULL;NULL;2018;0;0;0;0
91;((BM+H2)MeOH)O-MEA;10;NULL;0;0;1;0;Biogasi/FT/MEOH/AC/EtOAc-WT/MEA/MTO/Biogasi/FT/MEOH/Efuel-MEA;Biomass gasification,FT fuel synthesis,Methanol synthesis,Air cooling,EtOAc-water cooling,Monoethanolamine carbon capture,Methanol-to-olefins,Biomass gasification,FT fuel synthesis,Methanol synthesis,Monoethanolamine Carbon Capture;NULL;NULL;2018;0;0;0;0
92;((BM+H2)MeOH)O-MEA-AEL;10;NULL;0;0;1;0;Biogasi/FT/MEOH/AC/EtOAc-WT/MEA/AEL/MTO/Biogasi/FT/MEOH/Efuel-MEA;Biomass gasification,FT fuel synthesis,Methanol synthesis,Air cooling,EtOAc-water cooling,Monoethanolamine carbon capture,Alkaline electrolyzer,Methanol-to-olefins,Biomass gasification,FT fuel synthesis,Methanol synthesis,Monoethanolamine Carbon Capture;NULL;NULL;2018;0;0;0;0
93;((COEL)MeOH)O;10;NULL;0;0;1;0;COELEC/MEOH/AC/EtOAc-WT/MTO/COELEC/MEOH;Coelectrolysis,Methanol synthesis,Air cooling,EtOAc-water cooling,Methanol-to-olefins,Coelectrolysis,Methanol synthesis;NULL;NULL;2018;0;0;0;0
94;((COEL)MeOH)O-MEA;10;NULL;0;0;1;0;COELEC/MEOH/AC/EtOAc-WT/MEA/MTO/COELEC/MEOH/Efuel-MEA;Coelectrolysis,Methanol synthesis,Air cooling,EtOAc-water cooling,Monoethanolamine carbon capture,Methanol-to-olefins,Coelectrolysis,Methanol synthesis,Monoethanolamine Carbon Capture;NULL;NULL;2018;0;0.0953;0.2032;0.31111
95;EU-mix-2018;10;2018;1;0;1;0;AC/NTO/NTO-EL/REFR;Air cooling,Naphtha-to-olefins,Naphtha-to-olefins electric,Refrigerator;NULL;NULL;2018;1;0;0;0
96;EU-mix-2030;10;2030;1;0;1;0;AC/Biogasi/COELEC/Efuel-MEA/EtOAc-WT/FT/MEA/MEOH/MTO/NGF/NTO/NTO-EL/REFR;Air cooling,Biomass gasification,Coelectrolysis,Monoethanolamine Carbon Capture,EtOAc-water cooling,FT fuel synthesis,Monoethanolamine carbon capture,Methanol synthesis,Methanol-to-olefins,NG Furnace,Naphtha-to-olefins,Naphtha-to-olefins electric,Refrigerator;NULL;NULL;2018;0;1;0;0
97;EU-mix-2040;10;2040;1;0;1;0;AC/Biogasi/COELEC/Efuel-MEA/EtOAc-WT/FT/MEA/MEOH/MTO/NGF/NTO/NTO-EL/REFR;Air cooling,Biomass gasification,Coelectrolysis,Monoethanolamine Carbon Capture,EtOAc-water cooling,FT fuel synthesis,Monoethanolamine carbon capture,Methanol synthesis,Methanol-to-olefins,NG Furnace,Naphtha-to-olefins,Naphtha-to-olefins electric,Refrigerator;NULL;NULL;2018;0;0;1;0
98;EU-mix-2050;10;2050;1;0;1;0;AC/Biogasi/COELEC/Efuel-MEA/EtOAc-WT/FT/MEA/MEOH/MTO/NGF/NTO/NTO-EL/REFR;Air cooling,Biomass gasification,Coelectrolysis,Monoethanolamine Carbon Capture,EtOAc-water cooling,FT fuel synthesis,Monoethanolamine carbon capture,Methanol synthesis,Methanol-to-olefins,NG Furnace,Naphtha-to-olefins,Naphtha-to-olefins electric,Refrigerator;NULL;NULL;2018;0;0;0;1
99;(NG)NH3;11;NULL;0;1;1;0;REFR/NGNH3/CoolT/NGF;Refrigerator conventional,Ammonia plant conventional,Cooling tower,Natural gas Furnace;NULL;NULL;2018;1;0.69983;0.35983;0.01983
100;(NG)NH3-MEA;11;NULL;0;0;1;0;REFR/NGNH3/CoolT/NGF/MEA;Refrigerator conventional,Ammonia plant conventional,Cooling tower,Natural gas Furnace,Monoethanolamine Carbon Capture;NULL;NULL;2018;0;0;0;0
101;(NG)NH3-DEA;11;NULL;0;0;1;0;REFR/NGNH3/CoolT/NGF;Refrigerator conventional,Ammonia plant conventional,Cooling tower,Natural gas Furnace;NULL;NULL;2018;0;0.01762;0.03758;0.05754
102;(NG)NH3-MEA-DEA;11;NULL;0;0;1;0;REFR/NGNH3/CoolT/NGF/MEA;Refrigerator conventional,Ammonia plant conventional,Cooling tower,Natural gas Furnace,Monoethanolamine Carbon Capture;NULL;NULL;2018;0;0.01762;0.03758;0.05754
103;(NG)NH3-MVR;11;NULL;0;0;1;0;REFR/STN/NGNH3/CoolT/NGF/MVR;Refrigerator conventional,Steam network,Ammonia plant conventional,Cooling tower,Natural gas Furnace,Mechanical vapor recompression;NULL;NULL;2018;0;0;0;0
104;(NG)NH3-MVR-MEA;11;NULL;0;0;1;0;REFR/STN/NGNH3/CoolT/NGF/MVR/MEA;Refrigerator conventional,Steam network,Ammonia plant conventional,Cooling tower,Natural gas Furnace,Mechanical vapor recompression,Monoethanolamine Carbon Capture;NULL;NULL;2018;0;0;0;0
105;(NG)NH3-MVR-DEA;11;NULL;0;0;1;0;REFR/STN/NGNH3/CoolT/NGF/MVR;Refrigerator conventional,Steam network,Ammonia plant conventional,Cooling tower,Natural gas Furnace,Mechanical vapor recompression;NULL;NULL;2018;0;0.01762;0.03758;0.05754
106;(NG)NH3-MVR-MEA-DEA;11;NULL;0;0;1;0;REFR/STN/NGNH3/CoolT/NGF/MVR/MEA;Refrigerator conventional,Steam network,Ammonia plant conventional,Cooling tower,Natural gas Furnace,Mechanical vapor recompression,Monoethanolamine Carbon Capture;NULL;NULL;2018;0;0.01762;0.03758;0.05754
107;(BM)NH3;11;NULL;0;0;1;0;REFR/STN/BioNH3/CoolT;Refrigerator conventional,Steam network,Ammonia plant biomass,Cooling tower;NULL;NULL;2018;0;0.01531;0.03266;0.05
108;(BM)NH3-DEA;11;NULL;0;0;1;0;REFR/STN/BioNH3/CoolT;Refrigerator conventional,Steam network,Ammonia plant biomass,Cooling tower;NULL;NULL;2018;0;0;0;0
109;(H2)NH3;11;NULL;0;0;1;0;REFR/ELECNH3/CoolT/ASU;Refrigerator conventional,Ammonia plant electrolyzer,Cooling tower,Air separation unit;NULL;NULL;2018;0;0.21437;0.45718;0.7
110;(H2)NH3-AEL;11;NULL;0;0;1;0;REFR/ELECNH3/CoolT/ASU/AEL;Refrigerator conventional,Ammonia plant electrolyzer,Cooling tower,Air separation unit,Alkaline electrolyser;NULL;NULL;2018;0;0;0;0
111;EU-mix-2018;11;2018;1;0;1;0;CoolT/NGF/NGNH3/REFR;Cooling tower,Natural gas Furnace,Ammonia plant conventional,Refrigerator conventional;NULL;NULL;2018;1;0;0;0
112;EU-mix-2030;11;2030;1;0;1;0;ASU/BioNH3/CoolT/ELECNH3/MEA/MVR/NGF/NGNH3/REFR/STN;Air separation unit,Ammonia plant biomass,Cooling tower,Ammonia plant electrolyzer,Monoethanolamine Carbon Capture,Mechanical vapor recompression,Natural gas Furnace,Ammonia plant conventional,Refrigerator conventional,Steam network;NULL;NULL;2018;0;1;0;0
113;EU-mix-2040;11;2040;1;0;1;0;ASU/BioNH3/CoolT/ELECNH3/MEA/MVR/NGF/NGNH3/REFR/STN;Air separation unit,Ammonia plant biomass,Cooling tower,Ammonia plant electrolyzer,Monoethanolamine Carbon Capture,Mechanical vapor recompression,Natural gas Furnace,Ammonia plant conventional,Refrigerator conventional,Steam network;NULL;NULL;2018;0;0;1;0
114;EU-mix-2050;11;2050;1;0;1;0;ASU/BioNH3/CoolT/ELECNH3/MEA/MVR/NGF/NGNH3/REFR/STN;Air separation unit,Ammonia plant biomass,Cooling tower,Ammonia plant electrolyzer,Monoethanolamine Carbon Capture,Mechanical vapor recompression,Natural gas Furnace,Ammonia plant conventional,Refrigerator conventional,Steam network;NULL;NULL;2018;0;0;0;1
115;(NG)HNO3;12;NULL;0;1;1;0;REFR/STN/NGNH3/CoolT/HNO3;Refrigerator conventional,Steam network,Ammonia plant conventional,Cooling tower,Nitric Acid plant;NULL;NULL;2018;1;0.76636;0.50171;0.23706
116;(NG)HNO3-DEA;12;NULL;0;0;1;0;REFR/STN/NGNH3/CoolT/HNO3;Refrigerator conventional,Steam network,Ammonia plant conventional,Cooling tower,Nitric Acid plant;NULL;NULL;2018;0;0.03369;0.07184;0.11
117;(BM)HNO3;12;NULL;0;0;1;0;REFR/STN/BioNH3/CoolT/HNO3;Refrigerator conventional,Steam network,Ammonia plant biomass,Cooling tower,Nitric Acid plant;NULL;NULL;2018;0;0.04594;0.09797;0.15
118;(BM)HNO3-DEA;12;NULL;0;0;1;0;REFR/STN/BioNH3/CoolT/HNO3;Refrigerator conventional,Steam network,Ammonia plant biomass,Cooling tower,Nitric Acid plant;NULL;NULL;2018;0;0.03369;0.07184;0.11
119;(H2)HNO3;12;NULL;0;0;1;0;REFR/STN/ELECNH3/CoolT/ASU/HNO3;Refrigerator conventional,Steam network,Ammonia plant electrolyzer,Cooling tower,Air separation unit,Nitric Acid plant;NULL;NULL;2018;0;0.12033;0.25663;0.39294
120;(H2)HNO3-AEL;12;NULL;0;0;1;0;REFR/STN/ELECNH3/CoolT/ASU/AEL/HNO3;Refrigerator conventional,Steam network,Ammonia plant electrolyzer,Cooling tower,Air separation unit,Alkaline electrolyser,Nitric Acid plant;NULL;NULL;2018;0;0;0;0
121;(NH3)HNO3;12;NULL;0;0;1;0;STN/CoolT/HNO3;Steam network,Cooling tower,Nitric Acid plant;NULL;NULL;2018;0;0;0;0
122;EU-mix-2018;12;2018;1;0;1;0;CoolT/HNO3/NGNH3/REFR/STN;Cooling tower,Nitric Acid plant,Ammonia plant conventional,Refrigerator conventional,Steam network;NULL;NULL;2018;1;0;0;0
123;EU-mix-2030;12;2030;1;0;1;0;ASU/BioNH3/CoolT/ELECNH3/HNO3/NGNH3/REFR/STN;Air separation unit,Ammonia plant biomass,Cooling tower,Ammonia plant electrolyzer,Nitric Acid plant,Ammonia plant conventional,Refrigerator conventional,Steam network;NULL;NULL;2018;0;1;0;0
124;EU-mix-2040;12;2040;1;0;1;0;ASU/BioNH3/CoolT/ELECNH3/HNO3/NGNH3/REFR/STN;Air separation unit,Ammonia plant biomass,Cooling tower,Ammonia plant electrolyzer,Nitric Acid plant,Ammonia plant conventional,Refrigerator conventional,Steam network;NULL;NULL;2018;0;0;1;0
125;EU-mix-2050;12;2050;1;0;1;0;ASU/BioNH3/CoolT/ELECNH3/HNO3/NGNH3/REFR/STN;Air separation unit,Ammonia plant biomass,Cooling tower,Ammonia plant electrolyzer,Nitric Acid plant,Ammonia plant conventional,Refrigerator conventional,Steam network;NULL;NULL;2018;0;0;0;1
126;(NG)Urea;13;NULL;0;1;1;0;REFR/STN/NGNH3/CoolT/NGF/UREA;Refrigerator conventional,Steam network,Ammonia plant conventional,Cooling tower,Natural gas Furnace,Urea plant;NULL;NULL;2018;1;0.69342;0.34671;0
127;(NG)Urea-MEA;13;NULL;0;0;1;0;REFR/STN/NGNH3/CoolT/NGF/MEA/UREA;Refrigerator conventional,Steam network,Ammonia plant conventional,Cooling tower,Natural gas Furnace,Monoethanolamine Carbon Capture,Urea plant;NULL;NULL;2018;0;0.0272;0.05797;0.08873
128;(NG)Urea-DEA;13;NULL;0;0;1;0;REFR/STN/NGNH3/CoolT/NGF/UREA;Refrigerator conventional,Steam network,Ammonia plant conventional,Cooling tower,Natural gas Furnace,Urea plant;NULL;NULL;2018;0;0;0;0
129;(NG)Urea-MEA-DEA;13;NULL;0;0;1;0;REFR/STN/NGNH3/CoolT/NGF/MEA/UREA;Refrigerator conventional,Steam network,Ammonia plant conventional,Cooling tower,Natural gas Furnace,Monoethanolamine Carbon Capture,Urea plant;NULL;NULL;2018;0;0;0;0
130;(BM)Urea;13;NULL;0;0;1;0;REFR/STN/BioNH3/CoolT/UREA;Refrigerator conventional,Steam network,Ammonia plant biomass,Cooling tower,Urea plant;NULL;NULL;2018;0;0.13969;0.29766;0.45563
131;(BM)Urea-DEA;13;NULL;0;0;1;0;REFR/STN/BioNH3/CoolT/UREA;Refrigerator conventional,Steam network,Ammonia plant biomass,Cooling tower,Urea plant;NULL;NULL;2018;0;0;0;0
132;(H2)Urea;13;NULL;0;0;1;0;REFR/ELECNH3/CoolT/ASU/UREA;Refrigerator conventional,Ammonia plant electrolyzer,Cooling tower,Air separation unit,Urea plant;NULL;NULL;2018;0;0.13969;0.29766;0.45563
133;(H2)Urea-AEL;13;NULL;0;0;1;0;REFR/ELECNH3/CoolT/ASU/AEL/UREA;Refrigerator conventional,Ammonia plant electrolyzer,Cooling tower,Air separation unit,Alkaline electrolyser,Urea plant;NULL;NULL;2018;0;0;0;0
134;(NH3)Urea;13;NULL;0;0;1;0;CoolT/UREA;Cooling tower,Urea plant;NULL;NULL;2018;0;0;0;0
135;EU-mix-2018;13;2018;1;0;1;0;CoolT/NGF/NGNH3/REFR/STN/UREA;Cooling tower,Natural gas Furnace,Ammonia plant conventional,Refrigerator conventional,Steam network,Urea plant;NULL;NULL;2018;1;0;0;0
136;EU-mix-2030;13;2030;1;0;1;0;ASU/BioNH3/CoolT/ELECNH3/MEA/NGF/NGNH3/REFR/STN/UREA;Air separation unit,Ammonia plant biomass,Cooling tower,Ammonia plant electrolyzer,Monoethanolamine Carbon Capture,Natural gas Furnace,Ammonia plant conventional,Refrigerator conventional,Steam network,Urea plant;NULL;NULL;2018;0;1;0;0
137;EU-mix-2040;13;2040;1;0;1;0;ASU/BioNH3/CoolT/ELECNH3/MEA/NGF/NGNH3/REFR/STN/UREA;Air separation unit,Ammonia plant biomass,Cooling tower,Ammonia plant electrolyzer,Monoethanolamine Carbon Capture,Natural gas Furnace,Ammonia plant conventional,Refrigerator conventional,Steam network,Urea plant;NULL;NULL;2018;0;0;1;0
138;EU-mix-2050;13;2050;1;0;1;0;ASU/BioNH3/CoolT/ELECNH3/MEA/NGF/NGNH3/REFR/STN/UREA;Air separation unit,Ammonia plant biomass,Cooling tower,Ammonia plant electrolyzer,Monoethanolamine Carbon Capture,Natural gas Furnace,Ammonia plant conventional,Refrigerator conventional,Steam network,Urea plant;NULL;NULL;2018;0;0;0;1
139;(NG);15;NULL;0;1;1;0;Container/AC/NGF;" Container glass,Air,NG Furnace";NULL;NULL;2018;1;0.8588;0.4294;0
140;(NG)-CC;15;NULL;0;0;1;0;Container/AC/NGF/MEA;" Container glass,Air,NG Furnace,Monoethanolamine carbon capture";NULL;NULL;2018;0;0.03454;0.13959;0.24464
141;(H2);15;NULL;0;0;1;0;Container/AC/H2F;" Container glass,Air,H2 Furnace";NULL;NULL;2018;0;0.01879;0.07591;0.13304
142;(H2)-CC;15;NULL;0;0;1;0;Container/AC/H2F/MEA;" Container glass,Air,H2 Furnace,Monoethanolamine carbon capture";NULL;NULL;2018;0;0.03454;0.13959;0.24464
143;(H2)-AEL;15;NULL;0;0;1;0;Container/AC/H2F/AEL;" Container glass,Air,H2 Furnace,Alkaline electrolyzer";NULL;NULL;2018;0;0;0;0
144;(H2)-AEL-CC;15;NULL;0;0;1;0;Container/AC/H2F/MEA/AEL;" Container glass,Air,H2 Furnace,Monoethanolamine carbon capture,Alkaline electrolyzer";NULL;NULL;2018;0;0;0;0
145;(EL);15;NULL;0;0;1;0;Container/AC/ELF;" Container glass,Air,EL Furnace";NULL;NULL;2018;0;0.01879;0.07591;0.13304
146;(EL)-CC;15;NULL;0;0;1;0;Container/AC/MEA/ELF;" Container glass,Air,Monoethanolamine carbon capture,EL Furnace";NULL;NULL;2018;0;0.03454;0.13959;0.24464
147;EU-mix-2018;15;2018;1;0;1;0;AC/Container/NGF;Air, Container glass,NG Furnace;NULL;NULL;2018;1;0;0;0
148;EU-mix-2030;15;2030;1;0;1;0;AC/Container/ELF/H2F/MEA/NGF;Air, Container glass,EL Furnace,H2 Furnace,Monoethanolamine carbon capture,NG Furnace;NULL;NULL;2018;0;1;0;0
149;EU-mix-2040;15;2040;1;0;1;0;AC/Container/ELF/H2F/MEA/NGF;Air, Container glass,EL Furnace,H2 Furnace,Monoethanolamine carbon capture,NG Furnace;NULL;NULL;2018;0;0;1;0
150;EU-mix-2050;15;2050;1;0;1;0;AC/Container/ELF/H2F/MEA/NGF;Air, Container glass,EL Furnace,H2 Furnace,Monoethanolamine carbon capture,NG Furnace;NULL;NULL;2018;0;0;0;1
151;(NG);16;NULL;0;1;1;0;Fibre/AC/NGF;Fibre glass,Air,NG Furnace;NULL;NULL;2018;1;0.8587;0.42935;0
152;(NG)-CC;16;NULL;0;0;1;0;Fibre/AC/NGF/MEA;Fibre glass,Air,NG Furnace,Monoethanolamine carbon capture;NULL;NULL;2018;0;0.04011;0.16201;0.2839
153;(H2);16;NULL;0;0;1;0;Fibre/AC/H2F;Fibre glass,Air,H2 Furnace;NULL;NULL;2018;0;0.02096;0.08463;0.14831
154;(H2)-CC;16;NULL;0;0;1;0;Fibre/AC/H2F/MEA;Fibre glass,Air,H2 Furnace,Monoethanolamine carbon capture;NULL;NULL;2018;0;0.04011;0.16201;0.2839
155;(H2)-AEL;16;NULL;0;0;1;0;Fibre/AC/H2F/AEL;Fibre glass,Air,H2 Furnace,Alkaline electrolyzer;NULL;NULL;2018;0;0;0;0
156;(H2)-AEL-CC;16;NULL;0;0;1;0;Fibre/AC/H2F/MEA/AEL;Fibre glass,Air,H2 Furnace,Monoethanolamine carbon capture,Alkaline electrolyzer;NULL;NULL;2018;0;0;0;0
157;(EL);16;NULL;0;0;1;0;Fibre/AC/ELF;Fibre glass,Air,EL Furnace;NULL;NULL;2018;0;0;0;0
158;(EL)-CC;16;NULL;0;0;1;0;Fibre/AC/MEA/ELF;Fibre glass,Air,Monoethanolamine carbon capture,EL Furnace;NULL;NULL;2018;0;0.04011;0.16201;0.2839
159;EU-mix-2018;16;2018;1;0;1;0;AC/Fibre/NGF;Air,Fibre glass,NG Furnace;NULL;NULL;2018;1;0;0;0
160;EU-mix-2030;16;2030;1;0;1;0;AC/ELF/Fibre/H2F/MEA/NGF;Air,EL Furnace,Fibre glass,H2 Furnace,Monoethanolamine carbon capture,NG Furnace;NULL;NULL;2018;0;1;0;0
161;EU-mix-2040;16;2040;1;0;1;0;AC/ELF/Fibre/H2F/MEA/NGF;Air,EL Furnace,Fibre glass,H2 Furnace,Monoethanolamine carbon capture,NG Furnace;NULL;NULL;2018;0;0;1;0
162;EU-mix-2050;16;2050;1;0;1;0;AC/ELF/Fibre/H2F/MEA/NGF;Air,EL Furnace,Fibre glass,H2 Furnace,Monoethanolamine carbon capture,NG Furnace;NULL;NULL;2018;0;0;0;1
163;(NG);17;NULL;0;1;1;0;Float/AC/NGF;Float glass,Air,NG Furnace;NULL;NULL;2018;1;0.8588;0.4294;0
164;(NG)-CC;17;NULL;0;0;1;0;Float/AC/NGF/MEA;Float glass,Air,NG Furnace,Monoethanolamine carbon capture;NULL;NULL;2018;0;0.04054;0.16383;0.28711
165;(H2);17;NULL;0;0;1;0;Float/AC/H2F;Float glass,Air,H2 Furnace;NULL;NULL;2018;0;0.00979;0.03956;0.06933
166;(H2)-CC;17;NULL;0;0;1;0;Float/AC/H2F/MEA;Float glass,Air,H2 Furnace,Monoethanolamine carbon capture;NULL;NULL;2018;0;0.04054;0.16383;0.28711
167;(H2)-AEL;17;NULL;0;0;1;0;Float/AC/H2F/AEL;Float glass,Air,H2 Furnace,Alkaline electrolyzer;NULL;NULL;2018;0;0;0;0
168;(H2)-AEL-CC;17;NULL;0;0;1;0;Float/AC/H2F/MEA/AEL;Float glass,Air,H2 Furnace,Monoethanolamine carbon capture,Alkaline electrolyzer;NULL;NULL;2018;0;0;0;0
169;(EL);17;NULL;0;0;1;0;Float/AC/ELF;Float glass,Air,EL Furnace;NULL;NULL;2018;0;0.00979;0.03956;0.06933
170;(EL)-CC;17;NULL;0;0;1;0;Float/AC/MEA/ELF;Float glass,Air,Monoethanolamine carbon capture,EL Furnace;NULL;NULL;2018;0;0.04054;0.16383;0.28711
171;EU-mix-2018;17;2018;1;0;1;0;AC/Float/NGF;Air,Float glass,NG Furnace;NULL;NULL;2018;1;0;0;0
172;EU-mix-2030;17;2030;1;0;1;0;AC/ELF/Float/H2F/MEA/NGF;Air,EL Furnace,Float glass,H2 Furnace,Monoethanolamine carbon capture,NG Furnace;NULL;NULL;2018;0;1;0;0
173;EU-mix-2040;17;2040;1;0;1;0;AC/ELF/Float/H2F/MEA/NGF;Air,EL Furnace,Float glass,H2 Furnace,Monoethanolamine carbon capture,NG Furnace;NULL;NULL;2018;0;0;1;0
174;EU-mix-2050;17;2050;1;0;1;0;AC/ELF/Float/H2F/MEA/NGF;Air,EL Furnace,Float glass,H2 Furnace,Monoethanolamine carbon capture,NG Furnace;NULL;NULL;2018;0;0;0;1
175;REF-SMR;18;NULL;0;1;1;0;CDU/GPU/CRU/DSV/FCC/HCR/HDS/HDT/ISOM/VISB/WT/NGF/REFP/SMR;Atmospheric Distillation,Gas Plant,Catalytic Reforming,Vacuum Distillation,Fluid Catalytic Cracking,Hydrocracking,Hydrodesulphurisation,Hydrotreatment,Isomerisation,Visbreaking,Water Cooling,NG Combustion Furnace,Refinery products,Steam methane reforming;NULL;NULL;2018;1;0.73998;0.5596;0.04067
176;REF(H2);18;NULL;0;0;1;0;CDU/GPU/CRU/DSV/FCC/HCR/HDS/HDT/ISOM/VISB/WT/NGF/REFP;Atmospheric Distillation,Gas Plant,Catalytic Reforming,Vacuum Distillation,Fluid Catalytic Cracking,Hydrocracking,Hydrodesulphurisation,Hydrotreatment,Isomerisation,Visbreaking,Water Cooling,NG Combustion Furnace,Refinery products;NULL;NULL;2018;0;0.12321;0.20731;0.44928
177;REF(H2)-MEA;18;NULL;0;0;1;0;CDU/GPU/CRU/DSV/FCC/HCR/HDS/HDT/ISOM/VISB/WT/NGF/REFP/MEA;Atmospheric Distillation,Gas Plant,Catalytic Reforming,Vacuum Distillation,Fluid Catalytic Cracking,Hydrocracking,Hydrodesulphurisation,Hydrotreatment,Isomerisation,Visbreaking,Water Cooling,NG Combustion Furnace,Refinery products,Monoethanolamine Carbon Capture;NULL;NULL;2018;0;0;0;0
178;REF-SMR-MEA;18;NULL;0;0;1;0;CDU/GPU/CRU/DSV/FCC/HCR/HDS/HDT/ISOM/VISB/WT/NGF/REFP/MEA/SMR;Atmospheric Distillation,Gas Plant,Catalytic Reforming,Vacuum Distillation,Fluid Catalytic Cracking,Hydrocracking,Hydrodesulphurisation,Hydrotreatment,Isomerisation,Visbreaking,Water Cooling,NG Combustion Furnace,Refinery products,Monoethanolamine Carbon Capture,Steam methane reforming;NULL;NULL;2018;0;0.03226;0.04458;0.08
179;(BM)FT;18;NULL;0;0;1;0;Biogasi/FT/WT/Biogasi/FT;Biomass gasification (FT and MEOH),Fischer-Tropsch plant,Water Cooling,Biomass gasification (FT and MEOH),Fischer-Tropsch plant;NULL;NULL;2018;0;0.04559;0.07671;0.16623
180;(BM+H2)FT;18;NULL;0;0;1;0;Biogasi/FT/WT/Biogasi/FT;Biomass gasification (FT and MEOH),Fischer-Tropsch plant,Water Cooling,Biomass gasification (FT and MEOH),Fischer-Tropsch plant;NULL;NULL;2018;0;0;0;0
181;(BM+H2)FT-AEL;18;NULL;0;0;1;0;Biogasi/FT/WT/AEL/Biogasi/FT;Biomass gasification (FT and MEOH),Fischer-Tropsch plant,Water Cooling,Electrolyser,Biomass gasification (FT and MEOH),Fischer-Tropsch plant;NULL;NULL;2018;0;0;0;0
182;(BM)FT-MEA;18;NULL;0;0;1;0;Biogasi/FT/WT/MEA/Biogasi/FT;Biomass gasification (FT and MEOH),Fischer-Tropsch plant,Water Cooling,Monoethanolamine Carbon Capture,Biomass gasification (FT and MEOH),Fischer-Tropsch plant;NULL;NULL;2018;0;0;0;0
183;(BM+H2)FT-MEA;18;NULL;0;0;1;0;Biogasi/FT/WT/MEA/Biogasi/FT;Biomass gasification (FT and MEOH),Fischer-Tropsch plant,Water Cooling,Monoethanolamine Carbon Capture,Biomass gasification (FT and MEOH),Fischer-Tropsch plant;NULL;NULL;2018;0;0;0;0
184;(BM+H2)FT-AEL-MEA;18;NULL;0;0;1;0;Biogasi/FT/WT/MEA/AEL/Biogasi/FT;Biomass gasification (FT and MEOH),Fischer-Tropsch plant,Water Cooling,Monoethanolamine Carbon Capture,Electrolyser,Biomass gasification (FT and MEOH),Fischer-Tropsch plant;NULL;NULL;2018;0;0;0;0
185;(BM)MeOH;26;NULL;0;0;1;0;Biogasi/FT/MEOH/WT/Biogasi/FT/MEOH;Biomass gasification (FT and MEOH),Fischer-Tropsch plant,Methanol synthesis,Water Cooling,Biomass gasification (FT and MEOH),Fischer-Tropsch plant,Methanol synthesis;NULL;NULL;2018;0;0.04559;0.07671;0.16623
186;(BM+H2)MeOH;26;NULL;0;0;1;0;Biogasi/FT/MEOH/WT/Biogasi/FT/MEOH;Biomass gasification (FT and MEOH),Fischer-Tropsch plant,Methanol synthesis,Water Cooling,Biomass gasification (FT and MEOH),Fischer-Tropsch plant,Methanol synthesis;NULL;NULL;2018;0;0;0;0
187;(BM+H2)MeOH-AEL;26;NULL;0;0;1;0;Biogasi/FT/MEOH/WT/AEL/Biogasi/FT/MEOH;Biomass gasification (FT and MEOH),Fischer-Tropsch plant,Methanol synthesis,Water Cooling,Electrolyser,Biomass gasification (FT and MEOH),Fischer-Tropsch plant,Methanol synthesis;NULL;NULL;2018;0;0;0;0
188;(BM)MeOH-MEA;26;NULL;0;0;1;0;Biogasi/FT/MEOH/WT/MEA/Biogasi/FT/MEOH;Biomass gasification (FT and MEOH),Fischer-Tropsch plant,Methanol synthesis,Water Cooling,Monoethanolamine Carbon Capture,Biomass gasification (FT and MEOH),Fischer-Tropsch plant,Methanol synthesis;NULL;NULL;2018;0;0;0;0
189;(BM+H2)MeOH-MEA;26;NULL;0;0;1;0;Biogasi/FT/MEOH/WT/MEA/Biogasi/FT/MEOH;Biomass gasification (FT and MEOH),Fischer-Tropsch plant,Methanol synthesis,Water Cooling,Monoethanolamine Carbon Capture,Biomass gasification (FT and MEOH),Fischer-Tropsch plant,Methanol synthesis;NULL;NULL;2018;0;0;0;0
190;(BM+H2)MeOH-AEL-MEA;26;NULL;0;0;1;0;Biogasi/FT/MEOH/WT/MEA/AEL/Biogasi/FT/MEOH;Biomass gasification (FT and MEOH),Fischer-Tropsch plant,Methanol synthesis,Water Cooling,Monoethanolamine Carbon Capture,Electrolyser,Biomass gasification (FT and MEOH),Fischer-Tropsch plant,Methanol synthesis;NULL;NULL;2018;0;0;0;0
191;(COEL)FT;18;NULL;0;0;1;0;COELEC/FT/WT/COELEC/FT;Coelectrolysis,Fischer-Tropsch plant,Water Cooling,Coelectrolysis,Fischer-Tropsch plant;NULL;NULL;2018;0;0;0;0
192;(COEL)FT-MEA;18;NULL;0;0;1;0;COELEC/FT/WT/MEA/COELEC/FT;Coelectrolysis,Fischer-Tropsch plant,Water Cooling,Monoethanolamine Carbon Capture,Coelectrolysis,Fischer-Tropsch plant;NULL;NULL;2018;0;0.00669;0.01755;0.0488
193;(COEL)MeOH;26;NULL;0;0;1;0;COELEC/MEOH/WT/COELEC/MEOH;Coelectrolysis,Methanol synthesis,Water Cooling,Coelectrolysis,Methanol synthesis;NULL;NULL;2018;0;0;0;0
194;(COEL)MeOH-MEA;26;NULL;0;0;1;0;COELEC/MEOH/WT/MEA/COELEC/MEOH;Coelectrolysis,Methanol synthesis,Water Cooling,Monoethanolamine Carbon Capture,Coelectrolysis,Methanol synthesis;NULL;NULL;2018;0;0.00669;0.01755;0.0488
195;EU-mix-2018;18;2018;1;0;1;0;CDU/CRU/DSV/FCC/GPU/HCR/HDS/HDT/ISOM/NGF/REFP/SMR/VISB/WT;Atmospheric Distillation,Catalytic Reforming,Vacuum Distillation,Fluid Catalytic Cracking,Gas Plant,Hydrocracking,Hydrodesulphurisation,Hydrotreatment,Isomerisation,NG Combustion Furnace,Refinery products,Steam methane reforming,Visbreaking,Water Cooling;NULL;NULL;2018;1;0;0;0
196;EU-mix-2030;18;2030;1;0;1;0;Biogasi/CDU/COELEC/CRU/DSV/FCC/FT/GPU/HCR/HDS/HDT/ISOM/MEA/MEOH/NGF/REFP/SMR/VISB/WT;Biomass gasification (FT and MEOH),Atmospheric Distillation,Coelectrolysis,Catalytic Reforming,Vacuum Distillation,Fluid Catalytic Cracking,Fischer-Tropsch plant,Gas Plant,Hydrocracking,Hydrodesulphurisation,Hydrotreatment,Isomerisation,Monoethanolamine Carbon Capture,Methanol synthesis,NG Combustion Furnace,Refinery products,Steam methane reforming,Visbreaking,Water Cooling;NULL;NULL;2018;0;1;0;0
197;EU-mix-2040;18;2040;1;0;1;0;Biogasi/CDU/COELEC/CRU/DSV/FCC/FT/GPU/HCR/HDS/HDT/ISOM/MEA/MEOH/NGF/REFP/SMR/VISB/WT;Biomass gasification (FT and MEOH),Atmospheric Distillation,Coelectrolysis,Catalytic Reforming,Vacuum Distillation,Fluid Catalytic Cracking,Fischer-Tropsch plant,Gas Plant,Hydrocracking,Hydrodesulphurisation,Hydrotreatment,Isomerisation,Monoethanolamine Carbon Capture,Methanol synthesis,NG Combustion Furnace,Refinery products,Steam methane reforming,Visbreaking,Water Cooling;NULL;NULL;2018;0;0;1;0
198;EU-mix-2050;18;2050;1;0;1;0;Biogasi/CDU/COELEC/CRU/DSV/FCC/FT/GPU/HCR/HDS/HDT/ISOM/MEA/MEOH/NGF/REFP/SMR/VISB/WT;Biomass gasification (FT and MEOH),Atmospheric Distillation,Coelectrolysis,Catalytic Reforming,Vacuum Distillation,Fluid Catalytic Cracking,Fischer-Tropsch plant,Gas Plant,Hydrocracking,Hydrodesulphurisation,Hydrotreatment,Isomerisation,Monoethanolamine Carbon Capture,Methanol synthesis,NG Combustion Furnace,Refinery products,Steam methane reforming,Visbreaking,Water Cooling;NULL;NULL;2018;0;0;0;1
199;BF-BOF;20;NULL;0;1;1;0;BF/CP/RM/SP/BOF/LM-CC/PCoal;Blast furnace,Coke Plant,Rolling Mill,Sinter Plant,Basic Oxygen Furnace,Ladle Metal. & Cont.Casting,Pulverized Coal;NULL;NULL;2018;1;0.71556;0.35778;0
200;BF-BOF-MEA;20;NULL;0;0;1;0;BF/CP/RM/SP/BOF/LM-CC/PCoal/EAF-MEA;Blast furnace,Coke Plant,Rolling Mill,Sinter Plant,Basic Oxygen Furnace,Ladle Metal. & Cont.Casting,Pulverized Coal,Monoethanolamine carbon capture;NULL;NULL;2018;0;0.02364;0.059;0.09435
201;WPI-BOF;20;NULL;0;0;1;0;CP/RM/SP/BOF/LM-CC/PCoal/PL/WPI-BP;Coke Plant,Rolling Mill,Sinter Plant,Basic Oxygen Furnace,Ladle Metal. & Cont.Casting,Pulverized Coal,Plastics pre-treatment for BF,Waste Plastic Injection BF;NULL;NULL;2018;0;0;0;0
202;WPI-BOF-MEA;20;NULL;0;0;1;0;CP/RM/SP/BOF/LM-CC/PCoal/PL/WPI-BP/EAF-MEA;Coke Plant,Rolling Mill,Sinter Plant,Basic Oxygen Furnace,Ladle Metal. & Cont.Casting,Pulverized Coal,Plastics pre-treatment for BF,Waste Plastic Injection BF,Monoethanolamine carbon capture;NULL;NULL;2018;0;0.02364;0.059;0.09435
203;(NG)DRI-EAF;20;NULL;0;0;1;0;RM/LM-CC/DRI-EAF/(NG)SF;Rolling Mill,Ladle Metal. & Cont.Casting,DRI-Electric Arc Furnace,NG Shaft Furnace;NULL;NULL;2018;0;0.1694;0.0847;0
204;(NG)DRI-EAF-MEA;20;NULL;0;0;1;0;RM/LM-CC/DRI-EAF/(NG)SF/(NG)DRI-MEA/EAF-MEA;Rolling Mill,Ladle Metal. & Cont.Casting,DRI-Electric Arc Furnace,NG Shaft Furnace,DRI(NG) carbon capture,Monoethanolamine carbon capture;NULL;NULL;2018;0;0.04245;0.10593;0.1694
205;(NG+H2)DRI-EAF;20;NULL;0;0;1;0;RM/LM-CC/DRI-EAF/(NG+H2)SF;Rolling Mill,Ladle Metal. & Cont.Casting,DRI-Electric Arc Furnace,NG+H2 Shaft Furnace;NULL;NULL;2018;0;0;0;0
206;(NG+H2)DRI-EAF-AEL;20;NULL;0;0;1;0;RM/LM-CC/DRI-EAF/(NG+H2)SF/AEL;Rolling Mill,Ladle Metal. & Cont.Casting,DRI-Electric Arc Furnace,NG+H2 Shaft Furnace,Alkaline electrolyzer;NULL;NULL;2018;0;0;0;0
207;(H2)DRI-EAF;20;NULL;0;0;1;0;RM/LM-CC/DRI-EAF/(H2)SF;Rolling Mill,Ladle Metal. & Cont.Casting,DRI-Electric Arc Furnace,H2 Shaft Furnace;NULL;NULL;2018;0;0.0253;0.3071;0.5889
208;(H2)DRI-EAF-AEL;20;NULL;0;0;1;0;RM/LM-CC/DRI-EAF/(H2)SF/AEL;Rolling Mill,Ladle Metal. & Cont.Casting,DRI-Electric Arc Furnace,H2 Shaft Furnace,Alkaline electrolyzer;NULL;NULL;2018;0;0;0;0
209;MOE;20;NULL;0;0;1;0;RM/LM-CC/MOE;Rolling Mill,Ladle Metal. & Cont.Casting,Molten Oxide Electrolyser;NULL;NULL;2018;0;0;0.0265;0.053
210;EU-mix-2018;20;2018;1;0;1;0;BF/BOF/CP/LM-CC/PCoal/RM/SP;Blast furnace,Basic Oxygen Furnace,Coke Plant,Ladle Metal. & Cont.Casting,Pulverized Coal,Rolling Mill,Sinter Plant;NULL;NULL;2018;1;0;0;0
211;EU-mix-2030;20;2030;1;0;1;0;(H2)SF/(NG)DRI-MEA/(NG)SF/BF/BOF/CP/DRI-EAF/EAF-MEA/LM-CC/PCoal/PL/RM/SP/WPI-BP;H2 Shaft Furnace,DRI(NG) carbon capture,NG Shaft Furnace,Blast furnace,Basic Oxygen Furnace,Coke Plant,DRI-Electric Arc Furnace,Monoethanolamine carbon capture,Ladle Metal. & Cont.Casting,Pulverized Coal,Plastics pre-treatment for BF,Rolling Mill,Sinter Plant,Waste Plastic Injection BF;NULL;NULL;2018;0;1;0;0
212;EU-mix-2040;20;2040;1;0;1;0;(H2)SF/(NG)DRI-MEA/(NG)SF/BF/BOF/CP/DRI-EAF/EAF-MEA/LM-CC/MOE/PCoal/PL/RM/SP/WPI-BP;H2 Shaft Furnace,DRI(NG) carbon capture,NG Shaft Furnace,Blast furnace,Basic Oxygen Furnace,Coke Plant,DRI-Electric Arc Furnace,Monoethanolamine carbon capture,Ladle Metal. & Cont.Casting,Molten Oxide Electrolyser,Pulverized Coal,Plastics pre-treatment for BF,Rolling Mill,Sinter Plant,Waste Plastic Injection BF;NULL;NULL;2018;0;0;1;0
213;EU-mix-2050;20;2050;1;0;1;0;(H2)SF/(NG)DRI-MEA/(NG)SF/BF/BOF/CP/DRI-EAF/EAF-MEA/LM-CC/MOE/PCoal/PL/RM/SP/WPI-BP;H2 Shaft Furnace,DRI(NG) carbon capture,NG Shaft Furnace,Blast furnace,Basic Oxygen Furnace,Coke Plant,DRI-Electric Arc Furnace,Monoethanolamine carbon capture,Ladle Metal. & Cont.Casting,Molten Oxide Electrolyser,Pulverized Coal,Plastics pre-treatment for BF,Rolling Mill,Sinter Plant,Waste Plastic Injection BF;NULL;NULL;2018;0;0;0;1
214;Scraps EAF;21;NULL;0;1;1;0;RM/LM-CC/scrap/EAF;Rolling Mill,Ladle Metal. & Cont.Casting,EAF Scraps handling,Electric Arc Furnace;NULL;NULL;2018;1;1;1;1
215;EU-mix-2018;21;2018;1;0;1;0;EAF/LM-CC/RM/scrap;Electric Arc Furnace,Ladle Metal. & Cont.Casting,Rolling Mill,EAF Scraps handling;NULL;NULL;2018;1;0;0;0
216;EU-mix-2030;21;2030;1;0;1;0;EAF/LM-CC/RM/scrap;Electric Arc Furnace,Ladle Metal. & Cont.Casting,Rolling Mill,EAF Scraps handling;NULL;NULL;2018;0;1;0;0
217;EU-mix-2040;21;2040;1;0;1;0;EAF/LM-CC/RM/scrap;Electric Arc Furnace,Ladle Metal. & Cont.Casting,Rolling Mill,EAF Scraps handling;NULL;NULL;2018;0;0;1;0
218;EU-mix-2050;21;2050;1;0;1;0;EAF/LM-CC/RM/scrap;Electric Arc Furnace,Ladle Metal. & Cont.Casting,Rolling Mill,EAF Scraps handling;NULL;NULL;2018;0;0;0;1
219;Import NH3;11;NULL;0;0;1;NULL;Import NH3;Import of ammonia;There is no capex, constant opex, direct emissions or captured CO2 for this configuration;NULL;2025;0;0;0;0
220;chlorine production;118;NULL;0;1;1;4;chlorine production;chlorine production;NULL;NULL;2019;0;0;0;0
221;ethane cracker H2+CH4;7;NULL;0;0;1;4;ethane cracker H2+CH4;ethane cracker that uses natural gas and hydogen for heat;ethane cracker that uses both CH4 and self-produced H2 to produce heat;NULL;2019;0;0;0;0
222;(72LN+18BN-Local+10PN)O;10;NULL;0;0;1;5;(72LN+18BN-Local+10PN)O;same as configuration 82, but with 18% bio-naphtha from local biomass and 10% py-naphtha;Route based on configuration_id = 82, but with part naphtha replaced with bio-naphtha (based on local biomass);NULL;2018;0;0;0;0
223;(72LN+18BN-Local+10PN)O-MEA;10;NULL;0;0;1;5;(72LN+18BN-Local+10PN)O-MEA;same as configuration 83, but with 18% bio-naphtha from local biomass and 10% py-naphtha;Route based on configuration_id = 83, but with part naphtha replaced with bio-naphtha (based on local biomass);NULL;2018;0;0;0;0
224;(72LN+18BN-Local+10PN+EL)O;10;NULL;0;0;1;5;(72LN+18BN-Local+10PN+EL)O;same as configuration 84, but with 18% bio-naphtha from local biomass and 10% py-naphtha;Route based on configuration_id = 84, but with part naphtha replaced with bio-naphtha (based on local biomass);NULL;2018;0;0;0;0
225;(0LN+18BN-Local+82BN-Import)O;10;NULL;0;0;1;5;(0LN+18BN-Local+82BN-Import)O;same as configuration 82, but with 18% bio-naphtha from local biomass and 82% bio-naphtha from import biomass;Route based on configuration_id = 82, but with all naphtha replaced with bio-naphtha (based on both local biomass and imported biomass);NULL;2018;0;0;0;0
226;(0LN+18BN-Local+82BN-Import)O-MEA;10;NULL;0;0;1;5;(0LN+18BN-Local+82BN-Import)O-MEA;same as configuration 83, but with 18% bio-naphtha from local biomass and 82% bio-naphtha from import biomass;Route based on configuration_id = 83, but with all naphtha replaced with bio-naphtha (based on both local biomass and imported biomass);NULL;2018;0;0;0;0
227;(0LN+18BN-Local+82BN-Import+EL)O;10;NULL;0;0;1;5;(0LN+18BN-Local+82BN-Import+EL)O;same as configuration 84, but with 18% bio-naphtha from local biomass and 82% bio-naphtha from import biomass;Route based on configuration_id = 84, but with all naphtha replaced with bio-naphtha (based on both local biomass and imported biomass);NULL;2018;0;0;0;0
228;MIX-2030 (4.5FT-Local+4.5BMeOH-Local);18;2030;1;0;1;5;MIX-2030 (4.5FT-Local+4.5BMeOH-Local);New mix route with 4.5% FT and 4.5% bio-methanol from local biomass;Route based on configuration_id = 196, but based on realistically available local biomass for fuel sector;NULL;2018;0;0;0;0
229;MIX-2050 (14.5FT-Local+14.5BMeOH-Local);18;2050;1;0;1;5;MIX-2050 (14.5FT-Local+14.5BMeOH-Local);New mix route with 14.5% FT and 14.5% bio-methanol from local biomass;Route based on configuration_id = 198, but based on realistically available local biomass for fuel sector;NULL;2018;0;0;0;0
230;MIX-2030 (4.5FT-Local+4.5BMeOH-Local+45.5FT-Import+45.5BMeOH-Import);18;2030;1;0;1;5;MIX-2030 (4.5FT-Local+4.5BMeOH-Local+45.5FT-Import+45.5BMeOH-Import);New mix route with 4.5% FT and 4.5% bio-methanol from local biomass + 45.5% FT and 45.5% bio-methanol from import biomass;Route based on configuration_id = 196, but based on 100% local biomass and biomass import for fuel sector;NULL;2018;0;0;0;0
231;MIX-2050 (14.5FT-Local+14.5BMeOH-Local+35.5FT-Import+35.5BMeOH-Import);18;2050;1;0;1;5;MIX-2050 (14.5FT-Local+14.5BMeOH-Local+35.5FT-Import+35.5BMeOH-Import);New mix route with 14.5% FT and 14.5% bio-methanol from local biomass + 35.5% FT and 35.5% bio-methanol from import biomass;Route based on configuration_id = 198, but based on 100% local biomass and biomass import for fuel sector;NULL;2018;0;0;0;0
232;(78MeOH+22BMeOH-Local)O;10;NULL;0;0;1;5;(78MeOH+22BMeOH-Local)O;same as configuration 85, but with 22% bio-methanol from local biomass;Route based on configuration_id = 87, but with part MeOH replaced with bio-MeOH (based on local biomass);NULL;2018;0;0;0;0
233;(78MeOH+22BMeOH-Local)O-MEA;10;NULL;0;0;1;5;(78MeOH+22BMeOH-Local)O-MEA;same as configuration 86, but with 22% bio-methanol from local biomass;Route based on configuration_id = 88, but with part MeOH replaced with bio-MeOH (based on local biomass);NULL;2018;0;0;0;0
234;(0MeOH+22BMeOH-Local+78BMeOH-Import)O;10;NULL;0;0;1;5;(0MeOH+22BMeOH-Local+78BMeOH-Import)O;same as configuration 85, but with 22% bio-methanol from local biomass and 78% bio-methanol from import biomass;Route based on configuration_id = 87, but with all MeOH replaced with bio-MeOH (based on both local biomass and imported biomass);NULL;2018;0;0;0;0
235;(0MeOH+22BMeOH-Local+78BMeOH-Import)O-MEA;10;NULL;0;0;1;5;(0MeOH+22BMeOH-Local+78BMeOH-Import)O-MEA;same as configuration 85, but with 22% bio-methanol from local biomass and 78% bio-methanol from import biomass;Route based on configuration_id = 88, but with all MeOH replaced with bio-MeOH (based on both local biomass and imported biomass);NULL;2018;0;0;0;0
236;(100BN-Local)O;10;NULL;0;0;1;5;(100BN-Local)O;same as configuration 82, but with 100% bio-naphtha from local biomass;NULL;NULL;2018;0;0;0;0
237;(100BN-Local)O-MEA;10;NULL;0;0;1;5;(100BN-Local)O-MEA;same as configuration 82, but with 100% bio-naphtha from local biomass;NULL;NULL;2018;0;0;0;0
238;(100BN-Local+EL)O;10;NULL;0;0;1;5;(100BN-Local+EL)O;same as configuration 82, but with 100% bio-naphtha from local biomass;NULL;NULL;2018;0;0;0;0
239;ethane cracker electrified;7;NULL;0;0;1;4;ethane cracker electrified;ethane cracker electrified;NULL;NULL;2019;0;0;0;0
240;ethane cracker CH4;7;NULL;0;0;1;4;ethane cracker CH4;ethane cracker that used natural gas for heat;ethane cracker that uses only CH4 to produce heat;NULL;2019;0;0;0;0
241;ethane cracker H2+CH4 with CCS;7;NULL;0;0;1;4;ethane cracker H2+CH4 with CCS;ethane cracker with CCS that uses natural gas and hydrogen for heat;ethane cracker that uses both CH4 and self-produced H2 to produce heat;NULL;2019;0;0;0;0
242;ethane cracker CH4 with CCS;7;NULL;0;0;1;4;ethane cracker CH4 with CCS;ethane cracker with CCS that uses natural gas for heat;ethane cracker that uses only CH4 to produce heat;NULL;2019;0;0;0;0
243;(100BMeOH-Local)O;10;NULL;0;0;1;5;(100BMeOH-Local)O;same as configuration 85, but with 100% bio-methanol from local biomass;NULL;NULL;2018;0;0;0;0
244;(100BMeOH-Local)O-MEA;10;NULL;0;0;1;5;(100BMeOH-Local)O-MEA;same as configuration 85, but with 100% bio-methanol from local biomass;NULL;NULL;2018;0;0;0;0
